post,emotion
Having the best day ever! Everything is going perfectly!,positive
This traffic is driving me crazy. So frustrated right now.,negative
"Just another ordinary Tuesday, nothing much happening.",neutral
So excited about my vacation next week!,positive
Disappointed with the service at that restaurant.,negative
"Weather is okay today, not too hot or cold.",neutral
Just got promoted at work! Dreams do come true!,positive
My phone died and I lost all my photos. So upset.,negative
Watching TV and relaxing at home tonight.,neutral
Amazing concert last night! The band was incredible!,positive
Stuck in a boring meeting that could have been an email.,negative
Making dinner and listening to music.,neutral
Grateful for all the wonderful people in my life!,positive
Really annoyed with all these spam calls lately.,negative
Going to the grocery store after work.,neutral
Best birthday surprise ever! Thank you everyone!,positive
"Tired of all this rain, when will it stop?",negative
Reading a book and drinking coffee.,neutral
So proud of my team for winning the championship!,positive
Dealing with technical issues all day. Very stressful.,negative
