text,sentiment
Love this product! Works perfectly and great quality.,positive
"Terrible quality, broke after one day. Don't buy!",negative
"It's okay, does what it's supposed to do.",neutral
Amazing value for money! Highly recommend.,positive
Poor build quality and doesn't work as advertised.,negative
"Average product, nothing special but functional.",neutral
Excellent customer service and fast shipping!,positive
Overpriced and underwhelming performance.,negative
Decent product for the price point.,neutral
Best purchase I've made this year!,positive
"Complete waste of money, very disappointed.",negative
"It works fine, no complaints but nothing exciting.",neutral
Outstanding quality and beautiful design!,positive
Cheap materials and poor craftsmanship.,negative
Fair product with reasonable performance.,neutral
Incredible features and user-friendly interface!,positive
Difficult to use and frequently malfunctions.,negative
Standard product that meets basic needs.,neutral
Superb quality and excellent durability!,positive
"Not worth the price, many better alternatives available.",negative
