review_text,sentiment_label
This movie is absolutely amazing! Best film I've seen all year.,positive
Terrible acting and boring plot. Waste of time.,negative
"It was okay, nothing special but not bad either.",neutral
Brilliant cinematography and outstanding performances!,positive
Worst movie ever made. Complete garbage.,negative
Average film with some good moments.,neutral
Incredible story that kept me on the edge of my seat!,positive
Poor direction and weak script. Very disappointing.,negative
"Decent movie, worth watching once.",neutral
Masterpiece! This will be remembered for years.,positive
Boring and predictable. Fell asleep halfway through.,negative
"Not great, not terrible. Just mediocre.",neutral
Fantastic acting and beautiful visuals!,positive
Confusing plot and bad editing. Not recommended.,negative
It's an okay movie for a lazy afternoon.,neutral
Outstanding film with deep emotional impact!,positive
Poorly written dialogue and amateur acting.,negative
Fair movie with mixed results.,neutral
Exceptional direction and stellar cast!,positive
Disappointing sequel that ruins the original.,negative
